,MAE,MSE,RMSE,MAPE
LSTM Stock,0.044502,0.003554,0.059613,0.293759
