,MAE,MSE,RMSE,MAPE
Stock,0.041349,0.003207,0.056635,0.260472
