,MAE,MSE,RMSE,MAPE
Stock,0.041508,0.003197,0.056545,0.256892
