,MAE,MSE,RMSE,MAPE
Stock,0.033019,0.002063,0.045422,0.2062
