,MAE,MSE,RMSE,MAPE
LSTM Stock,0.042028,0.003277,0.057248,0.256505
