,MAE,MSE,RMSE,MAPE
Stock,0.042382,0.00332,0.057617,0.258069
