,MAE,MSE,RMSE,MAPE
Stock,0.031584,0.001931,0.043945,0.192609
