,MAE,MSE,RMSE,MAPE,Elapsed
RNN Stock,0.040915,0.003108,0.055749,0.265182,2.3614141941070557
