,MAE,MSE,RMSE,MAPE,Elapsed
RNN Stock,0.045814,0.00623,0.078933,742874550000.0,253.76699590682983
