,MAE,MSE,RMSE,MAPE
LSTM Stock,0.047378,0.006589,0.08117,723766500000.0
