,MAE,MSE,RMSE,MAPE,Elapsed
RNN Stock,0.041642,0.003229,0.056821,0.272986,2.11509108543396
